Date,Banco Santander Chile,Cencosud,Banco de Chile,Petróleo WTI,USD/CLP,iShares MSCI Mexico,Falabella,Cobre (Futuros),SQM,S&P 500
2024-10-02,41.153629302978516,1781.02685546875,96.98725128173828,70.0999984741211,903.72998046875,50.090267181396484,3159.25439453125,4.5960001945495605,37303.71484375,5709.5400390625
2024-10-03,40.87361526489258,1800.6082763671875,98.12159729003906,73.70999908447266,911.1699829101562,49.666786193847656,3264.882568359375,4.501999855041504,37097.72265625,5699.93994140625
2024-10-04,41.153629302978516,1802.1826171875,98.86329650878906,74.37999725341797,920.3900146484375,51.06611251831055,3303.293212890625,4.522500038146973,38348.6796875,5751.06982421875
2024-10-07,40.95490646362305,1799.9193115234375,97.58932495117188,77.13999938964844,923.8499755859375,50.23756408691406,3254.223388671875,4.519000053405762,39118.6484375,5695.93994140625
2024-10-08,41.22589111328125,1790.86669921875,98.95055389404297,73.56999969482422,925.8699951171875,49.896942138671875,3292.730224609375,4.4120001792907715,39214.6484375,5751.1298828125
2024-10-09,41.55107498168945,1827.2744140625,98.51426696777344,73.23999786376953,933.1900024414062,49.70361328125,3304.54150390625,4.355000019073486,40397.60546875,5792.0400390625
2024-10-10,41.822059631347656,1872.5380859375,98.51426696777344,75.8499984741211,932.7999877929688,50.16391372680664,3330.180419921875,4.385000228881836,40598.59765625,5780.0498046875
2024-10-11,41.948516845703125,1864.666259765625,98.72367858886719,75.55999755859375,929.5900268554688,50.697872161865234,3360.90869140625,4.451499938964844,39268.64453125,5815.02978515625
2024-10-14,41.948516845703125,1864.666259765625,98.72367858886719,73.83000183105469,929.760009765625,49.979793548583984,3360.90869140625,4.363500118255615,39268.64453125,5859.85009765625
2024-10-15,41.948516845703125,1864.666259765625,98.72367858886719,70.58000183105469,926.3099975585938,49.51948928833008,3360.90869140625,4.30049991607666,39268.64453125,5815.259765625
2024-10-16,41.948516845703125,1864.666259765625,98.72367858886719,70.38999938964844,939.489990234375,49.10521697998047,3360.90869140625,4.331500053405762,39268.64453125,5842.47021484375
2024-10-17,43.71895980834961,1939.5479736328125,100.9662094116211,70.66999816894531,937.1300048828125,49.32616424560547,3399.319091796875,4.286499977111816,36103.75390625,5841.47021484375
2024-10-18,44.06220626831055,1938.4656982421875,102.44087219238281,69.22000122070312,945.9099731445312,49.71282196044922,3437.7294921875,4.3460001945495605,37210.71484375,5864.669921875
2024-10-21,44.17060089111328,1943.3856201171875,102.501953125,70.55999755859375,930.7589721679688,49.26171875,3456.9345703125,4.322999954223633,37303.71484375,5853.97998046875
2024-10-22,43.70089340209961,1943.3856201171875,100.7044448852539,72.08999633789062,951.75,49.00395202636719,3435.808837890625,4.3480000495910645,38340.6796875,5851.2001953125
2024-10-23,44.242862701416016,1977.8253173828125,102.34488677978516,70.7699966430664,948.5499877929688,49.0868034362793,3380.114013671875,4.304500102996826,37456.70703125,5797.419921875
2024-10-24,44.450618743896484,1997.505126953125,101.81261444091797,70.19000244140625,944.8300170898438,48.78300857543945,3369.551025390625,4.319499969482422,38098.68359375,5809.85986328125
2024-10-25,44.260929107666016,1997.505126953125,101.41995239257812,71.77999877929688,946.4600219726562,48.405555725097656,3392.597412109375,4.3394999504089355,38813.66015625,5808.1201171875
2024-10-28,44.12543487548828,1997.505126953125,99.64861297607422,67.37999725341797,935.7185668945312,48.405555725097656,3363.78955078125,4.331999778747559,39598.63671875,5823.52001953125
2024-10-29,43.511199951171875,1991.6011962890625,99.4740982055664,67.20999908447266,946.4400024414062,47.77033615112305,3389.716552734375,4.332499980926514,38603.66796875,5832.919921875
2024-10-30,43.1227912902832,1962.0814208984375,97.72894287109375,68.61000061035156,955.75,47.43891906738281,3313.85595703125,4.327499866485596,36999.72265625,5813.669921875
2024-11-04,43.21311950683594,1966.0174560546875,98.14778900146484,71.47000122070312,947.4153442382812,47.67827224731445,3388.756103515625,4.4070000648498535,38096.68359375,5712.68994140625
2024-11-05,42.5537223815918,1918.7857666015625,96.42007446289062,71.98999786376953,953.8599853515625,47.6230354309082,3322.59423828125,4.450500011444092,37208.71484375,5782.759765625
2024-11-06,43.303443908691406,1948.3055419921875,98.43572998046875,71.69000244140625,956.0800170898438,48.17539978027344,3341.799560546875,4.222499847412109,36897.7265625,5929.0400390625
2024-11-07,42.90599822998047,1935.513671875,97.72894287109375,72.36000061035156,962.9400024414062,49.43663787841797,3356.107177734375,4.409999847412109,36044.7578125,5973.10009765625
2024-11-08,42.67115020751953,1905.6002197265625,98.5927963256836,70.37999725341797,957.1799926757812,48.046512603759766,3312.895751953125,4.286499977111816,35098.7890625,5995.5400390625
2024-11-11,43.04149627685547,1887.59326171875,98.74114227294922,68.04000091552734,945.7733154296875,47.42050552368164,3265.8427734375,4.210999965667725,36814.7265625,6001.35009765625
2024-11-12,42.644046783447266,1886.31396484375,98.68878173828125,68.12000274658203,968.6599731445312,46.5643424987793,3262.962158203125,4.119500160217285,36498.73828125,5983.990234375
2024-11-13,42.860836029052734,1946.3375244140625,98.50553894042969,68.43000030517578,985.4099731445312,46.41704177856445,3244.717529296875,4.065999984741211,37849.69140625,5985.3798828125
2024-11-14,41.912391662597656,1907.9619140625,97.40608978271484,68.69999694824219,979.4099731445312,46.444664001464844,3178.459228515625,4.072999954223633,36898.7265625,5949.169921875
2024-11-15,42.78857421875,1909.9298095703125,98.13905334472656,67.0199966430664,975.0800170898438,46.4722785949707,3298.49169921875,4.051000118255615,36986.72265625,5870.6201171875
2024-11-18,42.4543571472168,1916.8177490234375,97.81620025634766,69.16000366210938,961.9932861328125,46.923377990722656,3264.882568359375,4.107999801635742,37681.69921875,5893.6201171875
2024-11-19,42.5266227722168,1897.1378173828125,97.8249282836914,69.38999938964844,972.3499755859375,46.88655090332031,3223.591552734375,4.130000114440918,37599.703125,5916.97998046875
2024-11-20,42.99633026123047,1899.49951171875,99.0378189086914,68.87000274658203,970.7899780273438,46.297359466552734,3264.882568359375,4.143499851226807,37299.71484375,5917.10986328125
2024-11-21,42.99633026123047,1929.609619140625,98.60152435302734,70.0999984741211,972.75,46.1224479675293,3258.160888671875,4.11299991607666,38058.68359375,5948.7099609375
2024-11-22,42.54468536376953,1938.4656982421875,97.72894287109375,71.23999786376953,973.0900268554688,46.15006637573242,3243.7568359375,4.073999881744385,37723.69921875,5969.33984375
2024-11-25,42.27370071411133,1958.1455078125,97.72894287109375,68.94000244140625,964.489013671875,46.297359466552734,3231.27392578125,4.0914998054504395,37598.703125,5987.3701171875
2024-11-26,42.12917709350586,1963.0654296875,97.47589111328125,68.7699966430664,975.7000122070312,45.06374740600586,3231.27392578125,4.039000034332275,37229.71484375,6021.6298828125
2024-11-27,42.17434310913086,2002.4251708984375,97.55442810058594,68.72000122070312,976.969970703125,45.23866653442383,3204.38623046875,4.066999912261963,37149.71484375,5998.740234375
2024-11-29,41.912391662597656,2017.18505859375,96.98725128173828,68.0,977.4400024414062,46.27894973754883,3168.856689453125,4.08050012588501,37198.71484375,6032.3798828125
2024-12-02,42.264671325683594,2046.7049560546875,97.3362808227539,68.0999984741211,960.9544067382812,46.35260009765625,3250.47900390625,4.075500011444092,38151.68359375,6047.14990234375
2024-12-03,42.282737731933594,2046.7049560546875,97.64168548583984,69.94000244140625,978.260009765625,46.840518951416016,3255.2802734375,4.145999908447266,37998.69140625,6049.8798828125
2024-12-04,42.17434310913086,2046.7049560546875,98.08670043945312,68.54000091552734,972.0,47.27320861816406,3274.4853515625,4.142000198364258,37286.71484375,6086.490234375
2024-12-05,42.680179595947266,2093.9365234375,99.0203628540039,68.30000305175781,974.72998046875,47.945255279541016,3312.895751953125,4.135000228881836,37076.72265625,6075.10986328125
2024-12-06,42.40016174316406,2095.904541015625,98.62769317626953,67.19999694824219,969.6799926757812,47.595420837402344,3312.895751953125,4.138500213623047,37004.72265625,6090.27001953125
2024-12-09,42.89697265625,2081.144775390625,98.70623779296875,68.37000274658203,957.8364868164062,48.331905364990234,3325.379150390625,4.223499774932861,39022.65234375,6052.85009765625
2024-12-10,42.67115020751953,2066.384521484375,99.14252471923828,68.58999633789062,969.1799926757812,47.83477783203125,3341.799560546875,4.223499774932861,38948.65625,6034.91015625
2024-12-11,42.63501739501953,2074.256591796875,99.168701171875,70.29000091552734,974.469970703125,47.90842819213867,3377.233154296875,4.214000225067139,38888.66015625,6084.18994140625
2024-12-12,43.52023696899414,2095.904541015625,99.84058380126953,70.0199966430664,974.7000122070312,47.38368225097656,3404.12060546875,4.195000171661377,38498.671875,6051.25
2024-12-13,43.71895980834961,2163.70166015625,100.44266510009766,71.29000091552734,976.3900146484375,48.26746368408203,3399.319091796875,4.14900016784668,37518.703125,6051.08984375
2024-12-16,43.71895980834961,2161.831787109375,101.46357727050781,70.70999908447266,965.2628784179688,47.337650299072266,3442.4345703125,4.143499851226807,37448.70703125,6074.080078125
2024-12-17,43.01439666748047,2120.504150390625,100.17216491699219,70.08000183105469,983.5700073242188,47.128692626953125,3389.716552734375,4.0914998054504395,37153.71484375,6050.60986328125
2024-12-18,43.0776252746582,2164.783935546875,99.4740982055664,70.58000183105469,982.1099853515625,46.01743698120117,3341.703369140625,4.099999904632568,37686.69921875,5872.16015625
2024-12-19,42.707275390625,2145.104248046875,98.33102416992188,69.91000366210938,993.9199829101562,45.55203628540039,3350.345947265625,4.020500183105469,37448.70703125,5867.080078125
2024-12-20,42.815673828125,2115.584228515625,98.43572998046875,69.45999908447266,991.1500244140625,46.416351318359375,3323.45849609375,4.040999889373779,37591.703125,5930.85009765625
2024-12-23,42.09304428100586,2135.26416015625,98.16522979736328,69.23999786376953,974.4860229492188,45.83697509765625,3344.584228515625,4.0229997634887695,36947.7265625,5974.06982421875
2024-12-24,42.4543571472168,2130.34423828125,98.60152435302734,70.0999984741211,989.97998046875,45.97944641113281,3347.465087890625,4.049499988555908,36939.7265625,6040.0400390625
2024-12-26,42.707275390625,2154.944091796875,98.77603149414062,69.62000274658203,988.7899780273438,45.98894119262695,3332.10107421875,4.072000026702881,36909.7265625,6037.58984375
2024-12-27,42.725341796875,2164.783935546875,98.60152435302734,70.5999984741211,988.6400146484375,45.58053207397461,3336.90234375,4.0625,36946.7265625,5970.83984375
2024-12-30,42.725341796875,2164.783935546875,98.64515686035156,70.98999786376953,979.0533447265625,44.345802307128906,3375.3125,4.045499801635742,36598.734375,5906.93994140625
2025-01-02,42.27370071411133,2156.026611328125,98.73240661621094,73.12999725341797,993.3499755859375,45.32408905029297,3346.5048828125,3.9885001182556152,36288.74609375,5868.5498046875
2025-01-03,42.228538513183594,2154.944091796875,98.25248718261719,73.95999908447266,1004.1300048828125,44.48827362060547,3324.278564453125,4.0395002365112305,37064.72265625,5942.47021484375
2025-01-06,42.39112854003906,2186.431884765625,99.12506866455078,73.55999755859375,1010.3800048828125,45.59953308105469,3359.164306640625,4.126999855041504,38700.6640625,5975.3798828125
2025-01-07,42.680179595947266,2187.415771484375,99.90166473388672,74.25,1010.5800170898438,46.121917724609375,3344.572021484375,4.1605000495910645,39250.6484375,5909.02978515625
2025-01-08,42.11111068725586,2199.2236328125,99.0378189086914,73.31999969482422,1004.3400268554688,45.52354431152344,3356.26513671875,4.227499961853027,39217.6484375,5918.25
2025-01-10,42.31886291503906,2184.463623046875,100.0412826538086,76.56999969482422,1006.0700073242188,44.77320861816406,3411.2509765625,4.274499893188477,38998.65234375,5827.0400390625
2025-01-13,41.55107498168945,2169.703857421875,99.38684844970703,78.81999969482422,1008.9400024414062,45.07714080810547,3343.605712890625,4.295499801635742,38703.6640625,5836.22021484375
2025-01-14,42.228538513183594,2164.783935546875,100.69571685791016,77.5,1008.010009765625,45.533042907714844,3344.572021484375,4.310500144958496,39696.62890625,5842.91015625
2025-01-15,42.7705078125,2203.15966796875,101.35015106201172,80.04000091552734,1006.0999755859375,46.1029167175293,3370.760498046875,4.359499931335449,40197.61328125,5949.91015625
2025-01-16,43.44797134399414,2199.2236328125,102.76372528076172,78.68000030517578,1005.489990234375,45.02015686035156,3370.663818359375,4.4105000495910645,40348.60546875,5937.33984375
2025-01-17,43.35764694213867,2223.823486328125,103.65375518798828,77.87999725341797,1013.0599975585938,45.08664321899414,3396.658935546875,4.337500095367432,39998.6171875,5996.66015625
2025-01-21,44.48674774169922,2344.953125,105.13713836669922,75.88999938964844,1007.2999877929688,45.94145584106445,3469.232666015625,4.310999870300293,40213.61328125,6049.240234375
2025-01-22,44.450618743896484,2351.74267578125,105.0411605834961,75.44000244140625,1003.4299926757812,46.77727127075195,3454.7373046875,4.271500110626221,39198.6484375,6086.3701171875
2025-01-23,44.67643737792969,2360.5986328125,105.23312377929688,74.62000274658203,990.8099975585938,47.10969924926758,3498.3203125,4.299499988555908,38848.66015625,6118.7099609375
2025-01-24,44.893226623535156,2327.142578125,105.59961700439453,74.66000366210938,987.0499877929688,47.54660415649414,3527.21435546875,4.289999961853027,38878.66015625,6101.240234375
2025-01-27,44.39642333984375,2317.302734375,104.96263122558594,73.16999816894531,966.6174926757812,46.81526565551758,3560.070556640625,4.203499794006348,38298.6796875,6012.27978515625
2025-01-28,44.351253509521484,2313.36669921875,105.14586639404297,73.7699966430664,986.8499755859375,47.157188415527344,3594.7626953125,4.2204999923706055,38320.6796875,6067.7001953125
2025-01-29,44.62224197387695,2341.90283203125,105.14586639404297,72.62000274658203,994.030029296875,47.26166534423828,3619.984619140625,4.257500171661377,39397.640625,6039.31005859375
2025-01-30,45.16421127319336,2425.5419921875,106.3238525390625,72.7300033569336,991.2999877929688,47.50861358642578,3660.572021484375,4.288000106811523,40397.60546875,6071.169921875
2025-01-31,45.796512603759766,2459.981689453125,106.05335998535156,72.52999877929688,983.77001953125,46.52082443237305,3594.859375,4.26200008392334,38748.66015625,6040.52978515625
2025-02-03,46.1036262512207,2487.533447265625,105.67814636230469,73.16000366210938,987.900146484375,47.67957305908203,3533.01220703125,4.294000148773193,38498.671875,5994.56982421875
2025-02-04,46.1578254699707,2485.565673828125,106.58562469482422,72.69999694824219,985.1500244140625,47.622589111328125,3628.68212890625,4.34250020980835,38983.65234375,6037.8798828125
2025-02-05,46.78109359741211,2480.6455078125,107.35350036621094,71.02999877929688,971.7000122070312,47.08120346069336,3633.513916015625,4.434500217437744,37800.6953125,6061.47998046875
2025-02-06,47.25080108642578,2523.941162109375,107.67635345458984,70.61000061035156,970.219970703125,48.163970947265625,3719.519775390625,4.453499794006348,37273.71484375,6083.56982421875
2025-02-07,47.404354095458984,2548.344482421875,108.18244934082031,71.0,962.0700073242188,48.135475158691406,3614.186767578125,4.581500053405762,37293.71484375,6025.990234375
2025-02-10,47.87406539916992,2533.78125,108.46167755126953,72.31999969482422,947.8109130859375,48.211456298828125,3565.868408203125,4.700500011444092,37083.72265625,6066.43994140625
2025-02-11,47.87406539916992,2538.701171875,108.63619232177734,73.31999969482422,961.3900146484375,48.705345153808594,3488.656494140625,4.5945000648498535,36453.7421875,6068.5
2025-02-12,48.145050048828125,2509.27978515625,109.68328857421875,71.37000274658203,961.030029296875,49.30371856689453,3460.53515625,4.697999954223633,35908.7578125,6051.97021484375
2025-02-13,47.78374099731445,2552.47705078125,108.46167755126953,71.29000091552734,956.0,49.750125885009766,3554.272216796875,4.769000053405762,36988.72265625,6115.06982421875
2025-02-14,48.76831817626953,2514.101318359375,111.24520111083984,70.73999786376953,952.4400024414062,50.02556228637695,3593.79638671875,4.656499862670898,36598.734375,6114.6298828125
2025-02-18,47.69340896606445,2477.693603515625,109.84034729003906,71.8499984741211,947.1599731445312,50.54794692993164,3520.44970703125,4.585000038146973,36897.7265625,6129.580078125
2025-02-19,47.241764068603516,2474.741455078125,109.89270782470703,72.25,948.969970703125,49.62664794921875,3479.862548828125,4.557000160217285,36698.734375,6144.14990234375
2025-02-20,47.23273468017578,2479.66162109375,110.22428894042969,72.56999969482422,950.760009765625,50.20602035522461,3546.444580078125,4.607999801635742,37348.7109375,6117.52001953125
2025-02-21,46.844322204589844,2449.15771484375,109.94506072998047,70.4000015258789,942.2899780273438,49.379703521728516,3619.018310546875,4.559999942779541,37298.71484375,6013.1298828125
2025-02-24,46.753990173339844,2450.141845703125,110.12830352783203,70.69999694824219,930.7056274414062,49.075767517089844,3566.8349609375,4.517000198364258,37498.703125,5983.25
2025-02-25,46.790122985839844,2459.981689453125,110.04104614257812,68.93000030517578,943.3300170898438,48.48689651489258,3623.75341796875,4.486000061035156,37447.70703125,5955.25
2025-02-26,47.332096099853516,2492.45361328125,109.15973663330078,68.62000274658203,941.8200073242188,48.904808044433594,3618.14892578125,4.541999816894531,37398.7109375,5956.06005859375
2025-02-27,47.56694793701172,2489.40283203125,109.33425903320312,70.3499984741211,941.9400024414062,48.04999542236328,3623.85009765625,4.579999923706055,38248.6796875,5861.56982421875
2025-02-28,46.96175003051758,2489.501708984375,108.46167755126953,69.76000213623047,952.239990234375,47.98350524902344,3633.513916015625,4.514500141143799,36739.734375,5954.5
2025-03-03,47.21466827392578,2528.861083984375,109.9276123046875,68.37000274658203,940.6137084960938,47.34714126586914,3662.50439453125,4.576499938964844,36598.734375,5849.72021484375
2025-03-04,46.790122985839844,2488.517578125,109.59603118896484,68.26000213623047,950.0999755859375,47.50861358642578,3662.407958984375,4.527500152587891,36587.73828125,5778.14990234375
2025-03-05,47.37725830078125,2474.741455078125,109.5087661743164,66.30999755859375,947.030029296875,48.46790313720703,3682.02490234375,4.766499996185303,36837.7265625,5842.6298828125
2025-03-06,47.11530685424805,2479.66162109375,109.25572204589844,66.36000061035156,939.0700073242188,48.866817474365234,3715.654541015625,4.7789998054504395,37698.69921875,5738.52001953125
2025-03-07,46.97077941894531,2459.981689453125,109.5087661743164,67.04000091552734,928.510009765625,48.94279861450195,3720.486328125,4.683000087738037,38550.671875,5770.2001953125
2025-03-10,46.92561721801758,2459.981689453125,109.44769287109375,66.02999877929688,914.76953125,47.64158248901367,3672.168212890625,4.639500141143799,38948.65625,5614.56005859375
2025-03-11,46.555267333984375,2458.997802734375,109.59603118896484,66.25,942.1199951171875,47.7270622253418,3652.8408203125,4.739999771118164,39788.62890625,5572.06982421875
2025-03-12,47.87406539916992,2448.173828125,109.68328857421875,67.68000030517578,937.239990234375,48.42041015625,3710.822509765625,4.821000099182129,38998.65234375,5599.2998046875
2025-03-13,48.163116455078125,2459.981689453125,110.82637023925781,66.55000305175781,938.5900268554688,48.619869232177734,3681.831787109375,4.898499965667725,38898.66015625,5521.52001953125
2025-03-14,48.325706481933594,2459.981689453125,112.65006256103516,67.18000030517578,937.7000122070312,49.73112487792969,3715.654541015625,4.869500160217285,39948.62109375,5638.93994140625
2025-03-17,48.76831817626953,2458.997802734375,114.12471008300781,67.58000183105469,916.7955932617188,50.60493469238281,3749.476806640625,4.933499813079834,41708.5625,5675.1201171875
2025-03-18,47.68437576293945,2533.78125,114.31668090820312,66.9000015258789,920.0,49.77861404418945,3744.548583984375,4.993000030517578,41346.57421875,5614.66015625
2025-03-19,47.68437576293945,2523.941162109375,114.39521789550781,67.16000366210938,916.6900024414062,49.788108825683594,3797.794921875,5.076000213623047,41505.56640625,5675.2900390625
2025-03-20,48.09988784790039,2568.220947265625,115.26780700683594,68.26000213623047,916.2899780273438,49.636146545410156,3817.218994140625,5.085000038146973,40853.58984375,5662.89013671875
2025-03-21,48.5876579284668,2622.34033203125,126.02037048339844,68.27999877929688,926.5499877929688,49.10426330566406,3711.7890625,5.087500095367432,40248.609375,5667.56005859375
2025-03-24,48.50636672973633,2642.020263671875,118.42992401123047,69.11000061035156,915.72509765625,49.42719268798828,3766.87158203125,5.064000129699707,40063.6171875,5767.56982421875
2025-03-25,49.04833221435547,2642.020263671875,117.85474395751953,69.0,927.97998046875,49.949581146240234,3748.5107421875,5.183000087738037,38845.66015625,5776.64990234375
2025-03-26,49.36448287963867,2671.5400390625,117.95846557617188,69.6500015258789,919.280029296875,49.3986930847168,3734.981689453125,5.216000080108643,38299.6796875,5712.2001953125
2025-03-27,49.680633544921875,2755.179443359375,119.27854919433594,69.91999816894531,923.1199951171875,49.53166961669922,3855.7763671875,5.097499847412109,37986.69140625,5693.31005859375
2025-03-28,49.527076721191406,2799.459228515625,118.81652069091797,69.36000061035156,932.72998046875,49.028282165527344,3877.036376953125,5.112500190734863,38197.68359375,5580.93994140625
2025-03-31,48.786380767822266,2853.578857421875,118.33563232421875,71.4800033569336,916.3352661132812,48.40141296386719,3826.785888671875,5.019999980926514,37798.6953125,5611.85009765625
2025-04-01,50.08711242675781,2794.539306640625,119.1748275756836,71.19999694824219,940.6799926757812,49.43668746948242,3846.113037109375,5.019000053405762,37748.6953125,5633.06982421875
2025-04-02,49.680633544921875,2804.379150390625,120.03288269042969,71.70999908447266,946.030029296875,49.541168212890625,3936.950927734375,5.023499965667725,37896.69140625,5670.97021484375
2025-04-03,49.680633544921875,2843.739013671875,121.37181854248047,66.94999694824219,955.3400268554688,51.535728454589844,3936.950927734375,4.810999870300293,37386.7109375,5396.52001953125
2025-04-04,48.235382080078125,2755.179443359375,119.75,61.9900016784668,949.0599975585938,47.413631439208984,3768.803955078125,4.384500026702881,35898.7578125,5074.080078125
2025-04-07,46.88045120239258,2660.912841796875,116.82697296142578,60.70000076293945,955.0399780273438,46.08392333984375,3638.345703125,4.169000148773193,34398.8125,5062.25
2025-04-08,47.241764068603516,2661.7001953125,114.94114685058594,59.58000183105469,990.510009765625,45.64702224731445,3674.197509765625,4.127500057220459,31598.91015625,4982.77001953125
2025-04-09,49.2289924621582,2783.71533203125,120.50433349609375,62.349998474121094,1000.8300170898438,49.25623321533203,3845.146484375,4.17549991607666,34818.796875,5456.89990234375
2025-04-10,48.443138122558594,2774.760986328125,119.75,60.06999969482422,981.030029296875,47.77455139160156,3817.122314453125,4.321000099182129,32897.86328125,5268.0498046875
2025-04-11,48.5966911315918,2823.96044921875,121.16437530517578,61.5,988.8900146484375,48.135475158691406,3797.794921875,4.507500171661377,33848.83203125,5363.35986328125
2025-04-14,49.680633544921875,2875.226806640625,123.52165985107422,61.529998779296875,971.260009765625,49.30371856689453,3875.103759765625,4.610499858856201,34594.80859375,5405.97021484375
2025-04-15,50.61101531982422,2902.7783203125,126.256103515625,61.33000183105469,965.9299926757812,49.56965637207031,3933.08544921875,4.611000061035156,33988.828125,5396.6298828125
2025-04-16,51.387840270996094,2888.0185546875,127.2933120727539,62.470001220703125,968.9500122070312,50.35799026489258,3930.1865234375,4.673999786376953,33533.84375,5275.7001953125
2025-04-17,52.25498962402344,2961.818115234375,128.51910400390625,64.68000030517578,968.9000244140625,52.17209243774414,3962.076171875,4.731500148773193,33998.828125,5282.7001953125
2025-04-22,52.46274948120117,2991.337890625,130.12205505371094,64.30999755859375,961.1500244140625,52.72296905517578,4049.048583984375,4.870500087738037,33398.84375,5287.759765625
2025-04-23,53.44732666015625,3079.89697265625,133.3279571533203,62.27000045776367,952.02001953125,53.672760009765625,4097.36669921875,4.8354997634887695,33098.85546875,5375.85986328125
2025-04-24,53.939674377441406,3119.2568359375,135.72296142578125,62.790000915527344,941.6300048828125,54.46109390258789,4078.0390625,4.849999904632568,33564.84375,5484.77001953125
2025-04-25,54.98982620239258,3043.390869140625,135.30807495117188,63.02000045776367,936.739990234375,55.03096389770508,4086.73681640625,4.8354997634887695,33498.84375,5525.2099609375
2025-04-28,54.856170654296875,3077.92919921875,135.30807495117188,62.04999923706055,935.25,55.201927185058594,4063.5439453125,4.8379998207092285,32848.8671875,5528.75
2025-04-29,54.798892974853516,3236.35205078125,133.89370727539062,60.41999816894531,943.489990234375,53.5872802734375,4093.500732421875,4.822999954223633,33218.8515625,5560.830078125
2025-04-30,54.65568923950195,3188.136474609375,131.06497192382812,58.209999084472656,945.1900024414062,54.10966491699219,4201.57958984375,4.559999942779541,32598.875,5569.06005859375
2025-05-02,54.025596618652344,3138.936767578125,131.91357421875,58.290000915527344,947.260009765625,54.081172943115234,4226.40087890625,4.627500057220459,32578.875,5686.669921875
2025-05-05,54.006500244140625,3118.373046875,131.77215576171875,57.130001068115234,947.9299926757812,53.834228515625,4226.40087890625,4.65500020980835,31899.900390625,5650.3798828125
2025-05-06,54.560218811035156,3143.8798828125,131.34783935546875,59.09000015258789,939.2999877929688,55.4583740234375,4299.6904296875,4.735000133514404,31848.900390625,5606.91015625
2025-05-07,54.70342254638672,3309.9716796875,137.099609375,58.06999969482422,938.5399780273438,56.123226165771484,4415.00048828125,4.616499900817871,31503.912109375,5631.27978515625
2025-05-08,55.085296630859375,3267.460205078125,134.8366241455078,59.90999984741211,946.030029296875,55.19243240356445,4475.5869140625,4.560999870300293,32098.892578125,5663.93994140625
2025-05-09,54.66523361206055,3302.0625,134.31800842285156,61.02000045776367,941.010009765625,55.201927185058594,4675.91357421875,4.611000061035156,32791.8671875,5659.91015625
2025-05-12,55.19985580444336,3272.50244140625,134.4123077392578,61.95000076293945,934.3300170898438,54.93598937988281,4719.88818359375,4.578499794006348,34147.8203125,5844.18994140625
2025-05-13,55.371700286865234,3282.289794921875,135.77011108398438,63.66999816894531,945.8900146484375,56.113731384277344,4660.2783203125,4.68149995803833,33798.83203125,5886.5498046875
2025-05-14,55.94451141357422,3233.846435546875,140.0320587158203,63.150001525878906,940.0,56.37967300415039,4665.16455078125,4.611000061035156,33738.8359375,5892.580078125
2025-05-15,56.326385498046875,3157.720947265625,139.55117797851562,61.619998931884766,940.72998046875,56.284690856933594,4641.71142578125,4.644499778747559,32877.86328125,5916.93017578125
2025-05-16,56.70825958251953,3094.447998046875,138.37254333496094,62.4900016784668,938.9199829101562,56.52214050292969,4618.2587890625,4.555500030517578,32798.8671875,5958.3798828125
2025-05-19,56.53641891479492,3163.65283203125,137.6653594970703,62.689998626708984,941.8599853515625,57.5289192199707,4768.748046875,4.633500099182129,32388.880859375,5963.60009765625
2025-05-20,57.09013366699219,3161.675537109375,137.68421936035156,62.560001373291016,940.5800170898438,57.49092483520508,4641.71142578125,4.619500160217285,32401.880859375,5940.4599609375
2025-05-22,56.30729293823242,3177.493896484375,137.52392578125,61.20000076293945,943.2000122070312,56.82607650756836,4675.91357421875,4.648499965667725,31497.912109375,5842.009765625
2025-05-23,55.99224853515625,3208.1416015625,137.6653594970703,61.529998779296875,942.4500122070312,57.6239013671875,4748.2265625,4.80649995803833,31008.9296875,5802.81982421875
2025-05-27,55.53399658203125,3291.1875,136.45843505859375,60.88999938964844,940.6300048828125,58.06080627441406,4641.71142578125,4.710000038146973,30604.943359375,5921.5400390625
2025-05-28,54.751155853271484,3250.6533203125,136.24156188964844,61.84000015258789,938.4600219726562,57.84235763549805,4571.64599609375,4.644000053405762,29480.982421875,5888.5498046875
2025-05-29,54.94209289550781,3237.801025390625,134.27085876464844,60.939998626708984,938.9199829101562,58.15578079223633,4507.44384765625,4.653500080108643,29548.98046875,5912.169921875
2025-05-30,53.8155632019043,3219.3134765625,131.2535400390625,60.790000915527344,938.4299926757812,57.14900207519531,4411.482421875,4.652500152587891,28265.025390625,5911.68994140625
2025-06-02,54.89435958862305,3199.243896484375,133.37510681152344,62.52000045776367,921.7597045898438,57.59540939331055,4446.27099609375,4.834499835968018,28089.03125,5935.93994140625
2025-06-03,55.304874420166016,3182.43701171875,134.0917205810547,63.40999984741211,938.6599731445312,57.35795593261719,4409.13720703125,4.809500217437744,29046.998046875,5970.3701171875
2025-06-04,55.371700286865234,3163.65283203125,134.26144409179688,62.849998474121094,939.6099853515625,57.2249870300293,4539.10498046875,4.864500045776367,30061.9609375,5970.81005859375
2025-06-05,55.03756332397461,3172.550537109375,132.61134338378906,63.369998931884766,937.6500244140625,57.67139434814453,4592.8515625,4.91349983215332,30199.958984375,5939.2998046875
2025-06-06,55.56263732910156,3147.93359375,134.80833435058594,64.58000183105469,930.260009765625,58.165283203125,4542.03662109375,4.829999923706055,30797.9375,6000.35986328125
2025-06-09,54.90390396118164,3124.107177734375,133.62026977539062,65.29000091552734,931.0900268554688,58.02281188964844,4640.734375,4.9095001220703125,31598.91015625,6005.8798828125
2025-06-10,55.35260772705078,3104.334228515625,133.1865234375,64.9800033569336,935.719970703125,58.279258728027344,4788.2919921875,4.883999824523926,31923.896484375,6038.81005859375
2025-06-11,56.46958923339844,3161.675537109375,136.4961395263672,68.1500015258789,937.6900024414062,58.469215393066406,4843.01513671875,4.801000118255615,31664.90625,6022.240234375
2025-06-12,56.612789154052734,3163.65283203125,136.1566925048828,68.04000091552734,933.6099853515625,58.47871398925781,4778.52001953125,4.821499824523926,31098.927734375,6045.259765625
2025-06-13,55.44807815551758,3153.766357421875,134.17657470703125,72.9800033569336,929.6099853515625,57.994319915771484,4770.60498046875,4.802999973297119,30698.939453125,5976.97021484375
2025-06-16,55.180763244628906,3120.152587890625,132.48875427246094,71.7699966430664,913.9111328125,57.84251022338867,4758.97607421875,4.826499938964844,30898.93359375,6033.10986328125
2025-06-17,54.970733642578125,3104.334228515625,131.39498901367188,74.83999633789062,935.7999877929688,56.96259307861328,4814.67626953125,4.80049991607666,30410.94921875,5982.72021484375
2025-06-18,54.674781799316406,3091.48193359375,131.2535400390625,75.13999938964844,945.02001953125,57.02061080932617,4806.76123046875,4.84499979019165,31199.923828125,5980.8701171875
2025-06-23,53.78692626953125,3124.107177734375,130.85752868652344,68.51000213623047,939.5,56.024654388427734,4768.748046875,4.8429999351501465,31308.91796875,6025.169921875
2025-06-24,54.798892974853516,3138.936767578125,130.12205505371094,64.37000274658203,947.8900146484375,57.2526741027832,4858.55322265625,4.867000102996826,31948.896484375,6092.18017578125
2025-06-25,54.798892974853516,3168.595947265625,130.0277557373047,64.91999816894531,935.4400024414062,57.70713806152344,4837.15234375,4.913000106811523,32086.892578125,6092.16015625
2025-06-26,54.72251510620117,3162.6640625,130.49920654296875,65.23999786376953,936.9299926757812,58.31631088256836,4803.4384765625,5.065499782562256,32878.86328125,6141.02001953125
2025-06-27,55.5149040222168,3148.922119140625,131.44212341308594,65.5199966430664,930.75,58.32598114013672,4787.314453125,5.06850004196167,33098.85546875,6173.06982421875
2025-06-30,56.04952621459961,3133.99365234375,132.8564910888672,65.11000061035156,919.1043090820312,58.558048248291016,4837.15234375,5.03000020980835,33198.85546875,6204.9501953125
2025-07-01,55.371700286865234,3188.368896484375,132.95079040527344,65.44999694824219,931.1400146484375,59.09953689575195,4787.314453125,5.047999858856201,32548.875,6198.009765625
2025-07-02,55.476715087890625,3163.65283203125,132.42276000976562,67.44999694824219,928.1300048828125,59.55399703979492,4812.72216796875,5.14900016784668,34398.8125,6227.419921875
2025-07-03,56.039981842041016,3157.720947265625,132.29075622558594,67.0,925.760009765625,59.660362243652344,4847.9013671875,5.0970001220703125,34398.8125,6279.35009765625
2025-07-07,55.56263732910156,3138.936767578125,130.78208923339844,67.93000030517578,930.0,59.089866638183594,4890.89794921875,4.984499931335449,33788.83203125,6229.97998046875
2025-07-08,56.0208854675293,3161.675537109375,130.31063842773438,68.33000183105469,940.9400024414062,58.87713623046875,4950.8984375,5.644999980926514,34847.796875,6225.52001953125
2025-07-09,55.84904479980469,3147.83447265625,130.593505859375,68.37999725341797,943.22998046875,58.28730010986328,4875.2626953125,5.44350004196167,35798.765625,6263.259765625
2025-07-10,55.73448181152344,3099.984375,131.51756286621094,66.56999969482422,948.9400024414062,58.296974182128906,4781.45166015625,5.547999858856201,37248.71484375,6280.4599609375
2025-07-11,54.961185455322266,3034.140869140625,130.12205505371094,68.44999694824219,949.5599975585938,58.14226531982422,4727.70556640625,5.561999797821045,36108.75390625,6259.75
2025-07-14,54.70342254638672,3063.700927734375,129.2734375,66.9800033569336,937.8051147460938,57.63945007324219,4739.333984375,5.514999866485596,36778.73046875,6268.56005859375
2025-07-15,54.60795211791992,3052.925048828125,128.51910400390625,66.5199966430664,967.97998046875,57.417057037353516,4729.65966796875,5.546000003814697,35298.78125,6243.759765625
2025-07-17,54.32154846191406,3015.356689453125,129.25457763671875,67.54000091552734,967.4299926757812,57.81350326538086,4693.50341796875,5.486000061035156,37498.703125,6297.35986328125
2025-07-18,54.512481689453125,2983.719970703125,129.64117431640625,67.33999633789062,964.4500122070312,57.49441146850586,4757.021484375,5.578000068664551,37297.71484375,6296.7900390625
2025-07-21,54.70342254638672,2951.094970703125,127.7647705078125,67.19999694824219,963.3900146484375,57.28168487548828,4730.63720703125,5.610499858856201,36598.734375,6305.60009765625
2025-07-22,53.65327072143555,2878.924072265625,127.2933120727539,66.20999908447266,953.6199951171875,57.0786247253418,4641.71142578125,5.697000026702881,39009.65234375,6309.6201171875
2025-07-23,54.30245590209961,2876.94677734375,127.25559997558594,65.25,950.22998046875,58.47102355957031,4768.748046875,5.795000076293945,37738.6953125,6358.91015625
2025-07-24,54.08287811279297,2857.173828125,126.680419921875,66.02999877929688,948.0599975585938,58.83845901489258,4642.68896484375,5.7769999504089355,39198.6484375,6363.35009765625
2025-07-25,54.26426696777344,2895.434326171875,125.87894439697266,65.16000366210938,949.75,59.0318489074707,4638.77978515625,5.763500213623047,40148.6171875,6388.64013671875
2025-07-28,53.271392822265625,2847.28759765625,125.40748596191406,66.70999908447266,936.902587890625,58.07457733154297,4509.7890625,5.59499979019165,37998.69140625,6389.77001953125
2025-07-29,53.94921875,2857.173828125,128.69825744628906,69.20999908447266,958.5599975585938,58.91581726074219,4559.626953125,5.603499889373779,37498.703125,6370.85986328125
2025-07-30,53.844207763671875,2885.844482421875,126.44469451904297,70.0,960.239990234375,58.180938720703125,4611.41845703125,5.570000171661377,36448.7421875,6362.89990234375
2025-07-31,53.63417434692383,2896.719482421875,126.33153533935547,69.26000213623047,981.4299926757812,58.15193176269531,4739.431640625,4.33050012588501,35768.765625,6339.39013671875
2025-08-01,53.28094482421875,2913.526611328125,126.52955627441406,67.33000183105469,972.2000122070312,57.62977981567383,4805.88134765625,4.412499904632568,34708.80078125,6238.009765625
2025-08-04,54.28335952758789,2965.924560546875,128.1419219970703,66.29000091552734,946.9133911132812,57.27201461791992,4768.748046875,4.414999961853027,35008.7890625,6329.93994140625
2025-08-05,53.70100402832031,2985.697265625,128.80197143554688,65.16000366210938,966.280029296875,58.20027542114258,4814.18798828125,4.363999843597412,34846.796875,6299.18994140625
2025-08-06,54.07332992553711,2995.583740234375,127.7647705078125,64.3499984741211,966.3499755859375,58.75143814086914,4794.25341796875,4.390999794006348,35248.78515625,6345.06005859375
2025-08-07,54.60795211791992,2980.754150390625,129.6505889892578,63.880001068115234,974.3499755859375,59.61201858520508,4845.94677734375,4.378499984741211,37398.7109375,6340.0
2025-08-08,55.467166900634766,2980.754150390625,132.46990966796875,63.880001068115234,969.8300170898438,59.60234451293945,4934.87255859375,4.45550012588501,40848.58984375,6389.4501953125
2025-08-11,55.39079666137695,2970.86767578125,131.06497192382812,63.959999084472656,967.780029296875,59.505653381347656,5007.185546875,4.423500061035156,44997.4453125,6373.4501953125
2025-08-12,55.03756332397461,2972.844970703125,131.2535400390625,63.16999816894531,968.6900024414062,60.26953887939453,5032.59228515625,4.508500099182129,43818.48828125,6445.759765625
2025-08-13,55.75357437133789,3035.12939453125,133.535400390625,62.650001525878906,956.3499755859375,59.94077682495117,5154.74267578125,4.48199987411499,44198.4765625,6466.580078125
2025-08-14,55.13302993774414,3061.82275390625,133.61082458496094,63.959999084472656,952.6199951171875,58.97383499145508,5296.43701171875,4.4644999504089355,43708.4921875,6468.5400390625
2025-08-18,55.715389251708984,3133.99365234375,133.0450897216797,63.41999816894531,963.5999755859375,59.16722106933594,5358.978515625,4.456999778747559,44498.46484375,6449.14990234375
2025-08-19,54.130611419677734,3114.220703125,131.51756286621094,62.349998474121094,963.6900024414062,59.22523880004883,5315.9814453125,4.408999919891357,43448.5,6411.3701171875
2025-08-20,54.531578063964844,3064.78857421875,130.64065551757812,63.209999084472656,963.0399780273438,59.14788055419922,5247.5771484375,4.426000118255615,42061.55078125,6395.77978515625
2025-08-21,54.98982620239258,3082.584228515625,130.88580322265625,63.52000045776367,965.77001953125,59.51531982421875,5232.9189453125,4.43149995803833,43754.48828125,6370.169921875
2025-08-22,55.2857780456543,3064.78857421875,131.39498901367188,63.65999984741211,970.4299926757812,60.7239990234375,5345.1015625,4.447500228881836,44348.46875,6466.91015625
2025-08-25,54.70342254638672,3079.6181640625,130.97067260742188,64.80000305175781,959.52001953125,59.6700325012207,5434.22314453125,4.4664998054504395,44848.453125,6439.31982421875
2025-08-26,54.89435958862305,3064.78857421875,129.9334716796875,63.25,962.1300048828125,59.40895462036133,5452.7900390625,4.450500011444092,43810.48828125,6465.93994140625
2025-08-27,54.89435958862305,3030.186279296875,129.6505889892578,64.1500015258789,966.0499877929688,59.89242935180664,5472.33349609375,4.4145002365112305,45426.43359375,6481.39990234375
2025-08-28,55.45762252807617,3035.030517578125,130.22576904296875,64.5999984741211,968.1699829101562,60.4532585144043,5466.47021484375,4.463500022888184,44382.46875,6501.85986328125
2025-08-29,55.467166900634766,3029.0986328125,130.63121032714844,64.01000213623047,967.8200073242188,59.89242935180664,5377.54541015625,4.518499851226807,44093.4765625,6460.259765625
2025-09-02,56.19272994995117,3005.47021484375,130.78208923339844,65.58999633789062,966.9600219726562,60.83036422729492,5472.431640625,4.569499969482422,42378.5390625,6415.5400390625
2025-09-03,57.09013366699219,2965.924560546875,134.3651580810547,63.970001220703125,973.1400146484375,60.7239990234375,5682.43212890625,4.558499813079834,42438.53515625,6448.259765625
2025-09-04,58.522159576416016,2977.7880859375,136.62814331054688,63.47999954223633,967.9099731445312,60.985076904296875,5731.29248046875,4.48799991607666,42952.51953125,6502.080078125
2025-09-05,59.161800384521484,2956.0380859375,138.58941650390625,61.869998931884766,971.739990234375,61.71995162963867,5692.20458984375,4.482500076293945,44158.4765625,6481.5
2025-09-08,58.713096618652344,2840.366943359375,137.64649963378906,62.2599983215332,966.7100219726562,62.02937316894531,5501.64990234375,4.490499973297119,43498.5,6495.14990234375
2025-09-09,59.381378173828125,2807.741943359375,137.6653594970703,62.630001068115234,970.0399780273438,62.135738372802734,5521.19384765625,4.500999927520752,40248.609375,6512.60986328125
2025-09-10,59.19043731689453,2800.8212890625,136.3452911376953,63.66999816894531,966.6699829101562,62.15507507324219,5610.119140625,4.550000190734863,40098.6171875,6532.0400390625
2025-09-11,60.3360595703125,2848.276123046875,139.73976135253906,62.369998931884766,961.3900146484375,63.53779983520508,5785.03857421875,4.5904998779296875,40498.60546875,6587.47021484375
2025-09-12,58.90403366088867,2817.628173828125,135.58151245117188,62.689998626708984,952.3400268554688,63.93425369262695,5618.9140625,4.588500022888184,39698.62890625,6584.2900390625
2025-09-15,59.954185485839844,2787.968994140625,135.30807495117188,63.29999923706055,939.7928466796875,64.56275939941406,5623.7998046875,4.6554999351501465,41368.57421875,6615.27978515625
2025-09-16,59.094970703125,2807.4453125,134.35574340820312,64.5199966430664,951.0700073242188,64.5917739868164,5634.54931640625,4.632999897003174,41038.5859375,6606.759765625
2025-09-17,59.094970703125,2806.35791015625,134.3651580810547,64.05000305175781,947.260009765625,64.3306884765625,5590.5751953125,4.571000099182129,41248.57421875,6600.35009765625
2025-09-22,59.85871887207031,2817.628173828125,135.0723419189453,62.63999938964844,954.9400024414062,64.68846893310547,5853.4423828125,4.572999954223633,41938.55078125,6693.75
2025-09-23,60.32651138305664,2829.39306640625,138.13681030273438,63.40999984741211,955.7899780273438,65.2009506225586,5853.4423828125,4.584499835968018,41513.56640625,6656.919921875
2025-09-24,60.3360595703125,2857.173828125,137.6653594970703,64.98999786376953,948.0900268554688,64.27267456054688,5799.6962890625,4.752500057220459,42021.55078125,6637.97021484375
2025-09-25,60.14512252807617,2847.28759765625,136.8921661376953,64.9800033569336,952.010009765625,63.99226760864258,5717.611328125,4.699999809265137,42578.53125,6604.72021484375
2025-09-26,60.41243362426758,2812.68505859375,135.77952575683594,65.72000122070312,959.1300048828125,64.9205322265625,5667.7744140625,4.7154998779296875,42503.53125,6643.7001953125
2025-09-29,60.65110397338867,2768.295166015625,137.6653594970703,63.45000076293945,959.510009765625,65.2299575805664,5618.9140625,4.841000080108643,42453.53515625,6661.2099609375
2025-09-30,60.794307708740234,2703.9345703125,137.6559295654297,62.369998931884766,964.9400024414062,65.95516204833984,5570.05419921875,4.804999828338623,41483.56640625,6688.4599609375
2025-10-01,61.09980773925781,2718.76416015625,138.59884643554688,61.779998779296875,961.260009765625,64.57242584228516,5599.3701171875,4.83050012588501,41686.5625,6711.2001953125
2025-10-02,60.43152618408203,2718.76416015625,135.8738250732422,60.47999954223633,959.5499877929688,64.68846893310547,5569.07666015625,4.8979997634887695,42498.53125,6715.35009765625
2025-10-03,60.92796325683594,2708.877685546875,139.07972717285156,60.880001068115234,961.469970703125,64.60143280029297,5540.73828125,5.058000087738037,41478.56640625,6715.7900390625
2025-10-06,60.908870697021484,2708.877685546875,138.6082763671875,61.689998626708984,947.3361206054688,63.276729583740234,5470.28173828125,4.986999988555908,41698.5625,6740.27978515625
2025-10-07,60.221500396728516,2703.9345703125,136.48670959472656,61.72999954223633,961.4299926757812,62.88995361328125,5570.1513671875,5.047999858856201,41749.5625,6714.58984375
2025-10-08,60.81340408325195,2738.536865234375,138.7874298095703,62.54999923706055,959.1099853515625,63.55714416503906,5640.021484375,5.046000003814697,42147.54296875,6753.72021484375
2025-10-09,60.908870697021484,2689.005859375,139.74920654296875,61.5099983215332,950.469970703125,63.25738525390625,5506.4482421875,5.075500011444092,41446.5703125,6735.10986328125
2025-10-10,60.842041015625,2644.615966796875,137.6653594970703,58.900001525878906,950.4600219726562,62.261436462402344,5442.419921875,4.848499774932861,39148.6484375,6552.509765625
2025-10-13,60.908870697021484,2639.57373046875,138.76856994628906,59.4900016784668,947.030029296875,63.30573654174805,5513.34375,5.100500106811523,41348.57421875,6654.72021484375
2025-10-14,61.43394470214844,2767.20751953125,142.3799285888672,58.70000076293945,956.5499877929688,62.69655990600586,5711.33935546875,4.980500221252441,42898.51953125,6644.31005859375
2025-10-15,62.245426177978516,2690.093505859375,146.03843688964844,58.27000045776367,960.8499755859375,63.6925163269043,5725.62255859375,4.9720001220703125,43497.5,6671.06005859375
2025-10-16,62.53183364868164,2693.94921875,148.9709014892578,57.459999084472656,959.1199951171875,64.83351135253906,5761.478515625,4.958000183105469,42748.5234375,6629.06982421875
2025-10-17,63.04736328125,2716.786865234375,148.60316467285156,57.540000915527344,954.969970703125,63.94392013549805,5733.0107421875,4.93149995803833,41798.5546875,6664.009765625
2025-10-20,63.43878173828125,2703.9345703125,148.90489196777344,57.52000045776367,960.6500244140625,63.76020431518555,5693.6083984375,4.998000144958496,41896.5546875,6735.1298828125
2025-10-21,63.96385955810547,2683.173095703125,148.0845489501953,57.81999969482422,950.5499877929688,62.91896057128906,5732.025390625,4.929999828338623,40498.60546875,6735.35009765625
2025-10-22,63.48651885986328,2659.445556640625,147.39622497558594,58.5,950.9500122070312,63.34441375732422,5644.35595703125,4.960999965667725,40050.6171875,6699.39990234375
2025-10-23,63.93522262573242,2694.048095703125,149.14060974121094,61.790000915527344,949.75,63.837554931640625,5673.9072265625,5.081999778747559,41700.5625,6738.43994140625
2025-10-24,64.04023742675781,2668.343505859375,150.2909698486328,61.5,946.9400024414062,63.209041595458984,5771.427734375,5.093500137329102,42999.51953125,6791.68994140625
2025-10-27,63.24784851074219,2866.07177734375,151.14901733398438,61.310001373291016,930.953857421875,64.13731384277344,5730.05517578125,5.140500068664551,41903.5546875,6875.16015625
2025-10-28,63.48651885986328,2924.302490234375,153.03485107421875,60.150001525878906,939.9000244140625,64.88185119628906,5762.56201171875,5.140500068664551,41880.5546875,6890.89013671875
2025-10-29,63.94477081298828,2916.492431640625,153.44973754882812,60.47999954223633,942.0999755859375,65.2009506225586,5811.81494140625,5.233500003814697,43853.48828125,6890.58984375
2025-10-30,65.08084106445312,2889.799072265625,153.8834686279297,60.56999969482422,940.510009765625,64.52408599853516,5826.5908203125,5.078000068664551,45417.43359375,6822.33984375
2025-11-03,64.82308197021484,2965.924560546875,159.0223388671875,61.04999923706055,928.7900390625,64.04061889648438,5917.21533203125,5.046999931335449,45748.421875,6851.97021484375
2025-11-04,63.98295211791992,2933.398193359375,156.34446716308594,60.560001373291016,938.530029296875,63.47978591918945,5752.71142578125,4.926000118255615,42998.51953125,6771.5498046875
2025-11-05,64.7467041015625,2888.71142578125,159.3523712158203,59.599998474121094,946.3900146484375,64.95921325683594,5856.14208984375,4.9629998207092285,44708.45703125,6796.2900390625
2025-11-06,65.85414123535156,2857.173828125,160.29527282714844,59.43000030517578,943.4199829101562,64.75614929199219,5816.740234375,4.945499897003174,44300.46875,6720.31982421875
2025-11-07,66.82791137695312,2893.753662109375,162.1716766357422,59.75,942.0,65.57804870605469,5937.90185546875,4.938000202178955,45697.421875,6728.7998046875
2025-11-10,66.7324447631836,2867.060302734375,160.31414794921875,60.130001068115234,929.9956665039062,65.66507720947266,5900.4697265625,5.086999893188477,48688.3203125,6832.43017578125
2025-11-11,67.19068908691406,2911.3515625,161.24761962890625,61.040000915527344,937.4400024414062,67.04779815673828,5910.3203125,5.048500061035156,48200.3359375,6846.60986328125
2025-11-12,67.89716339111328,2967.01220703125,165.0098419189453,58.4900016784668,935.6300048828125,65.90681457519531,6156.58349609375,5.0894999504089355,49395.296875,6850.919921875
2025-11-13,64.93763732910156,2857.173828125,160.29527282714844,58.689998626708984,929.52001953125,65.15259552001953,5990.109375,5.087500095367432,49348.296875,6737.490234375
2025-11-14,64.17389678955078,2815.65087890625,156.52362060546875,60.09000015258789,929.3800048828125,64.99788665771484,5910.2216796875,5.049499988555908,50598.25390625,6734.10986328125
2025-11-17,66.35057067871094,2818.616943359375,162.28482055664062,59.90999984741211,918.2572631835938,63.6925163269043,6181.2099609375,5.0,56297.05859375,6672.41015625
2025-11-18,65.41497802734375,2807.741943359375,162.1811065673828,60.7400016784668,923.3699951171875,64.466064453125,5865.99267578125,4.962500095367432,55908.0703125,6617.31982421875
2025-11-19,65.84458923339844,2733.59375,161.80393981933594,59.439998626708984,931.9000244140625,64.56275939941406,5712.32421875,5.007999897003174,58101.99609375,6642.16015625
2025-11-20,65.42453002929688,2748.42333984375,160.29527282714844,59.13999938964844,931.9500122070312,63.837554931640625,5732.025390625,4.959499835968018,56748.0390625,6538.759765625
2025-11-21,65.89231872558594,2759.001708984375,161.23818969726562,58.060001373291016,930.1500244140625,63.856895446777344,5839.888671875,5.008500099182129,56098.0625,6602.990234375
2025-11-24,65.13812255859375,2718.76416015625,162.65255737304688,58.84000015258789,938.5700073242188,64.35003662109375,5801.96435546875,4.961999893188477,54698.11328125,6705.1201171875
2025-11-25,65.14766693115234,2802.798583984375,161.7190704345703,57.95000076293945,940.6400146484375,65.51036071777344,5947.751953125,4.999499797821045,58096.99609375,6765.8798828125
2025-11-26,65.89231872558594,2806.753173828125,163.02972412109375,58.650001525878906,934.9600219726562,65.63606262207031,5870.91796875,5.104499816894531,58002.99609375,6812.60986328125
2025-11-28,66.4937744140625,2884.85595703125,165.10414123535156,58.54999923706055,926.8800048828125,66.15821838378906,5910.3203125,5.185500144958496,59997.9296875,6849.08984375
2025-12-01,66.82791137695312,2901.662841796875,165.71702575683594,59.31999969482422,927.5700073242188,66.1968994140625,5954.4501953125,5.218999862670898,59497.9453125,6812.6298828125
2025-12-02,66.82791137695312,2891.7763671875,166.87681579589844,58.63999938964844,929.2999877929688,66.43862915039062,5935.1435546875,5.160999774932861,59347.953125,6829.3701171875
2025-12-03,67.48664855957031,2867.060302734375,165.8490447998047,58.95000076293945,923.4600219726562,66.16789245605469,6028.5263671875,5.308000087738037,58007.99609375,6849.72021484375
2025-12-04,67.7730484008789,2885.64697265625,166.42422485351562,59.66999816894531,918.4500122070312,66.54499053955078,6008.82568359375,5.291500091552734,55791.07421875,6857.1201171875
2025-12-05,67.08567810058594,2884.7568359375,164.81182861328125,60.08000183105469,917.22998046875,66.40962982177734,6067.9287109375,5.381999969482422,57278.0234375,6870.39990234375
2025-12-09,66.38876342773438,2876.94677734375,163.3597412109375,58.25,922.6900024414062,66.98011779785156,6069.80029296875,5.240499973297119,58387.984375,6840.509765625
2025-12-10,66.15009307861328,2860.139892578125,164.7741241455078,58.459999084472656,925.6799926757812,66.75772094726562,6028.5263671875,5.2754998207092285,58107.99609375,6886.68017578125
2025-12-11,67.7730484008789,2907.5947265625,167.2917022705078,57.599998474121094,923.3300170898438,68.7109375,6156.58349609375,5.427000045776367,59647.94140625,6901.0
2025-12-12,67.30525970458984,2916.492431640625,165.32101440429688,57.439998626708984,913.75,68.35317993164062,6294.4912109375,5.2835001945495605,59437.94921875,6827.41015625
2025-12-15,66.83746337890625,2896.719482421875,164.99098205566406,56.81999969482422,909.75,68.1501235961914,6150.67333984375,5.338500022888184,58997.96484375,6816.509765625
2025-12-16,65.58682250976562,2870.0263671875,162.1811065673828,55.27000045776367,913.8300170898438,67.28977966308594,5994.0498046875,5.2870001792907715,58777.97265625,6800.259765625
2025-12-17,65.06175231933594,2832.4580078125,160.46499633789062,55.939998626708984,913.4400024414062,66.47181701660156,5870.91796875,5.363500118255615,61357.87890625,6721.43017578125
2025-12-18,65.7109375,2812.68505859375,161.23818969726562,56.150001525878906,917.4199829101562,67.75296020507812,5870.91796875,5.366499900817871,61206.88671875,6774.759765625
2025-12-19,66.59879302978516,2841.355712890625,162.22825622558594,56.65999984741211,910.6400146484375,67.85150909423828,6042.3173828125,5.439499855041504,62397.84765625,6834.5
2025-12-22,67.4961929321289,2860.041015625,162.65255737304688,58.0099983215332,910.1400146484375,68.93555450439453,6038.376953125,5.4375,63787.80078125,6878.490234375
2025-12-23,66.97111511230469,2842.34423828125,161.70965576171875,58.380001068115234,909.3499755859375,70.00975799560547,6094.52490234375,5.47599983215332,64447.77734375,6909.7900390625
2025-12-24,67.2288818359375,2842.5419921875,163.1240234375,58.349998474121094,907.3200073242188,69.92105865478516,6061.8212890625,5.498499870300293,63747.80078125,6932.0498046875
2025-12-26,68.25994110107422,2868.049072265625,164.7741241455078,56.7400016784668,903.8499755859375,70.11815643310547,6107.3310546875,5.766499996185303,65189.75,6929.93994140625
2025-12-29,67.88761138916016,2868.049072265625,164.0669403076172,58.08000183105469,905.4000244140625,69.48744201660156,6203.8662109375,5.490499973297119,64597.76953125,6905.740234375
2025-12-30,67.87806701660156,2862.1171875,164.0669403076172,57.95000076293945,914.25,68.48223114013672,6190.0751953125,5.727499961853027,63797.80078125,6896.240234375
2026-01-02,67.71577453613281,2896.719482421875,163.2654571533203,57.31999969482422,899.6400146484375,68.64977264404297,5960.55810546875,5.639999866485596,62112.85546875,6858.47021484375
2026-01-05,69.40556335449219,2975.81103515625,167.33885192871094,58.31999969482422,906.0599975585938,69.55642700195312,6107.3310546875,5.924499988555908,63857.79296875,6902.0498046875
2026-01-06,69.59650421142578,3064.78857421875,170.1864471435547,57.130001068115234,903.52001953125,69.02425384521484,6171.359375,6.010499954223633,66499.703125,6944.81982421875
2026-01-07,69.59650421142578,3099.292236328125,168.781494140625,55.9900016784668,893.4299926757812,68.90599060058594,6081.71923828125,5.809000015258789,67397.6796875,6920.93017578125
2026-01-08,68.56543731689453,3078.629638671875,171.04449462890625,57.7599983215332,894.8400268554688,69.45787811279297,6107.3310546875,5.746500015258789,66977.6875,6921.4599609375
2026-01-09,69.88290405273438,3093.459228515625,169.54525756835938,59.119998931884766,896.489990234375,70.02945709228516,6220.61181640625,5.855500221252441,66217.7109375,6966.27978515625
2026-01-12,70.07384490966797,3163.65283203125,172.08169555664062,59.5,894.6300048828125,71.01496124267578,6254.990234375,5.985000133514404,68797.625,6977.27001953125
2026-01-13,69.6728744506836,3163.65283203125,171.98739624023438,61.150001525878906,883.6699829101562,70.92626953125,6304.34130859375,5.96999979019165,72247.5078125,6963.740234375
2026-01-14,69.50103759765625,3148.8232421875,170.65789794921875,62.02000045776367,885.5499877929688,72.3158187866211,6402.8466796875,6.008999824523926,73097.4765625,6926.60009765625
2026-01-15,68.7372817993164,3064.78857421875,166.70709228515625,59.189998626708984,881.3400268554688,72.18770599365234,6225.537109375,5.947999954223633,71227.5390625,6944.47021484375
2026-01-16,71.12399291992188,3063.800048828125,165.10414123535156,59.439998626708984,882.510009765625,72.92682647705078,6362.45947265625,5.78849983215332,69029.6171875,6940.009765625
2026-01-20,69.50103759765625,2985.697265625,166.4053497314453,60.34000015258789,887.2899780273438,73.5279769897461,6304.34130859375,5.7729997634887695,70447.5703125,6796.85986328125
2026-01-21,70.52254486083984,2980.45751953125,169.7715606689453,60.619998931884766,884.6099853515625,74.26710510253906,6227.50732421875,5.729499816894531,71397.5390625,6875.6201171875
2026-01-22,74.42720031738281,2980.754150390625,176.211669921875,59.36000061035156,874.3499755859375,74.65144348144531,6401.86181640625,5.742499828338623,72697.4921875,6913.35009765625
2026-01-23,74.64678192138672,3015.356689453125,176.2682342529297,61.06999969482422,871.25,74.9766616821289,6374.37890625,5.910999774932861,73597.4609375,6915.60986328125
2026-01-26,74.75180053710938,2946.151611328125,179.42698669433594,60.630001068115234,870.0399780273438,75.5876693725586,6437.32373046875,5.984000205993652,73497.46875,6950.22998046875
2026-01-27,75.61100769042969,3005.47021484375,184.80160522460938,62.38999938964844,864.5900268554688,76.73085021972656,6540.75439453125,5.828499794006348,72697.4921875,6978.60009765625
2026-01-28,75.84967803955078,2995.583740234375,185.09390258789062,63.209999084472656,859.75,77.5882339477539,6552.5751953125,5.892499923706055,71987.515625,6978.02978515625
2026-01-29,75.54418182373047,2960.981201171875,185.75393676757812,65.41999816894531,862.4400024414062,77.31228637695312,6599.857421875,6.17549991607666,69750.59375,6969.009765625
2026-01-30,73.40569305419922,2891.7763671875,187.63034057617188,65.20999908447266,859.1599731445312,74.03058624267578,6682.60205078125,5.896999835968018,67697.6640625,6939.02978515625
2026-02-02,74.27445983886719,2990.640625,181.9351348876953,62.13999938964844,865.9299926757812,74.33609008789062,6678.56298828125,5.801499843597412,65687.734375,6976.43994140625
2026-02-03,75.91651153564453,3062.811279296875,186.93258666992188,63.209999084472656,865.1099853515625,77.6177978515625,6698.36279296875,6.0625,66997.6875,6917.81005859375
2026-02-04,73.98804473876953,3084.5615234375,186.6968536376953,65.13999938964844,860.0399780273438,76.10012817382812,6697.3779296875,5.826000213623047,63420.8125,6882.72021484375
2026-02-05,74.46539306640625,3153.766357421875,181.03936767578125,63.290000915527344,858.2100219726562,75.71578979492188,6570.20751953125,5.798999786376953,61872.8671875,6798.39990234375
2026-02-06,75.03820037841797,3064.78857421875,177.7391815185547,63.54999923706055,866.2100219726562,78.71170043945312,6501.25341796875,5.863500118255615,61749.8671875,6932.2998046875
2026-02-09,75.99288177490234,3045.015869140625,182.5480499267578,64.36000061035156,860.3900146484375,79.50009155273438,6550.60498046875,5.945000171661377,60747.90234375,6964.81982421875
2026-02-10,74.51313018798828,2965.924560546875,181.98228454589844,63.959999084472656,852.3699951171875,79.31285095214844,6392.99609375,5.895999908447266,59711.94140625,6941.81005859375
2026-02-11,75.24822998046875,3049.464599609375,185.28248596191406,64.62999725341797,855.1599731445312,79.52965545654297,6432.2998046875,5.948999881744385,63987.79296875,6941.47021484375
2026-02-12,73.08110046386719,3020.2998046875,177.83348083496094,62.84000015258789,854.1400146484375,78.76097106933594,6392.99609375,5.770999908447266,61297.88671875,6832.759765625
2026-02-13,73.31977081298828,3015.356689453125,176.7962646484375,62.88999938964844,856.6099853515625,79.85487365722656,6303.3564453125,5.792500019073486,61557.875,6836.169921875
2026-02-17,72.88060760498047,2978.77685546875,174.43898010253906,62.33000183105469,862.3200073242188,79.58879089355469,6158.5537109375,5.632999897003174,62847.83203125,6843.22021484375
2026-02-18,73.41523742675781,2876.94677734375,173.03404235839844,65.19000244140625,865.719970703125,78.98764038085938,6352.60888671875,5.793499946594238,63217.81640625,6881.31005859375
2026-02-19,73.41523742675781,2857.173828125,172.72286987304688,66.43000030517578,861.5900268554688,78.78068542480469,6112.255859375,5.730000019073486,62696.8359375,6861.89013671875
2026-02-20,74.15034484863281,2852.230712890625,178.21063232421875,66.38999938964844,865.02001953125,80.0519790649414,5990.109375,5.830999851226807,62687.8359375,6909.509765625
2026-02-23,74.16944122314453,2963.35400390625,174.43898010253906,66.30999755859375,866.4000244140625,78.38648223876953,6154.61328125,5.7729997634887695,63285.81640625,6837.75
2026-02-24,73.03336334228516,2956.0380859375,173.0246124267578,65.62999725341797,866.4000244140625,79.20445251464844,6156.58349609375,5.922999858856201,65297.74609375,6890.06982421875
2026-02-25,73.6539077758789,2951.094970703125,175.37246704101562,65.41999816894531,860.6599731445312,79.28327941894531,6245.23828125,5.979499816894531,68297.640625,6946.1298828125
2026-02-26,73.51070404052734,2867.060302734375,174.3446807861328,65.20999908447266,856.530029296875,79.49024200439453,6378.220703125,5.947000026702881,67592.6640625,6908.85986328125
2026-02-27,71.60133361816406,2696.420654296875,169.7244110107422,67.0199966430664,865.1699829101562,79.76618194580078,6383.14599609375,6.004499912261963,66697.703125,6878.8798828125
2026-03-02,68.54634857177734,2669.33203125,166.88624572753906,71.2300033569336,873.1599731445312,78.3076400756836,5989.12451171875,5.894499778747559,66297.7109375,6881.6201171875
2026-03-03,66.39830780029297,2610.013671875,163.2277374267578,74.55999755859375,882.6500244140625,74.27696228027344,5772.41259765625,5.773499965667725,63547.8046875,6816.6298828125
2026-03-04,68.68954467773438,2590.24072265625,165.49072265625,74.66000366210938,899.9199829101562,76.7801284790039,5944.796875,5.855000019073486,64597.76953125,6869.5
2026-03-05,67.75395965576172,2589.944091796875,162.1811065673828,81.01000213623047,894.3800048828125,74.15869903564453,5939.87158203125,5.752999782562256,64097.7890625,6830.7099609375
2026-03-06,67.98308563232422,2587.27490234375,164.7269744873047,90.9000015258789,905.6699829101562,72.65088653564453,6026.556640625,5.756999969482422,64994.7578125,6740.02001953125
2026-03-09,69.87335968017578,2570.468017578125,168.6777801513672,94.7699966430664,910.8900146484375,72.81842041015625,5945.7822265625,5.80049991607666,66987.6875,6795.990234375
2026-03-10,70.45571899414062,2607.838623046875,171.1199188232422,83.44999694824219,914.8200073242188,73.6758041381836,6009.0224609375,5.9039998054504395,68496.640625,6781.47998046875
2026-03-11,69.54876708984375,2530.8232421875,167.83859252929688,87.25,888.6900024414062,73.60681915283203,5934.9462890625,5.8454999923706055,68996.6171875,6775.7998046875
2026-03-12,67.79214477539062,2569.479248046875,163.5011749267578,95.7300033569336,896.9400024414062,71.12336730957031,5821.66552734375,5.82450008392334,69797.59375,6672.6201171875
2026-03-13,67.76351165771484,2575.4111328125,164.7646942138672,98.70999908447266,915.7000122070312,70.49264526367188,5910.3203125,5.7144999504089355,68942.6171875,6632.18994140625
2026-03-16,68.72773742675781,2638.68408203125,167.17855834960938,93.5,916.7100219726562,72.09901428222656,6107.3310546875,5.790500164031982,69309.6015625,6699.3798828125
2026-03-17,68.7372817993164,2550.695068359375,165.5756072998047,96.20999908447266,909.4199829101562,72.3158187866211,6186.13525390625,5.726500034332275,70497.5703125,6716.08984375
2026-03-18,68.53680419921875,2550.695068359375,166.8956756591797,96.31999969482422,906.9099731445312,71.33031463623047,6107.3310546875,5.553999900817871,69337.6015625,6624.7001953125
2026-03-19,68.9759521484375,2476.349365234375,165.13243103027344,96.13999938964844,915.1300048828125,71.13322448730469,5930.02099609375,5.433000087738037,67057.6875,6606.490234375
2026-03-20,69.59650421142578,2333.19384765625,171.3000030517578,98.31999969482422,912.489990234375,68.85671997070312,5905.39501953125,5.34250020980835,64011.79296875,6506.47998046875
2026-03-23,70.02610778808594,2274.864013671875,163.6999969482422,88.12999725341797,927.5499877929688,70.06887817382812,5656.17626953125,5.439499855041504,68397.640625,6581.0
2026-03-24,70.07384490966797,2273.87548828125,163.00999450683594,92.3499984741211,910.6799926757812,71.4091567993164,5516.298828125,5.422500133514404,67914.65625,6556.3701171875
2026-03-25,71.410400390625,2244.21630859375,168.0,90.31999969482422,917.3599853515625,74.07000732421875,5535.0146484375,5.5289998054504395,72467.5,6591.89990234375
2026-03-26,71.52496337890625,2313.421142578125,168.0,94.4800033569336,916.6900024414062,72.22712707519531,5536.0,5.446499824523926,71707.53125,6477.16015625
2026-03-27,70.4079818725586,2372.838623046875,165.5,99.63999938964844,928.0399780273438,71.06423950195312,5370.0,5.4670000076293945,75947.3828125,6368.85009765625
2026-03-30,71.2194595336914,2371.7509765625,164.77000427246094,102.87999725341797,922.719970703125,71.7048110961914,5370.2001953125,5.47599983215332,75497.390625,6343.72021484375
2026-03-31,73.22429656982422,2500.07666015625,168.1199951171875,101.37999725341797,930.219970703125,74.13899230957031,5670.0,5.587500095367432,74947.4140625,6528.52001953125
2026-04-01,73.73983001708984,2491.37646484375,170.5,100.12000274658203,926.1099853515625,75.26245880126953,5890.0,5.624000072479248,74203.4453125,6575.31982421875
2026-04-02,72.3841781616211,2471.603759765625,167.0,111.54000091552734,912.4600219726562,75.0062255859375,5850.0,5.563000202178955,74947.4140625,6582.68994140625
2026-04-06,72.73741149902344,2491.37646484375,168.64999389648438,112.41000366210938,919.3699951171875,75.09491729736328,5770.10009765625,5.583499908447266,73319.46875,6611.830078125
2026-04-07,71.69680786132812,2432.05810546875,165.0,112.94999694824219,915.969970703125,74.83869171142578,5660.0,5.54449987411499,71659.53125,6616.85009765625
2026-04-08,73.98804473876953,2511.1494140625,170.0,94.41000366210938,916.4600219726562,77.96272277832031,5800.0,5.759500026702881,74686.421875,6782.81005859375
2026-04-09,74.16944122314453,2547.729248046875,171.60000610351562,97.87000274658203,897.22998046875,78.278076171875,6000.0,5.748000144958496,73542.46875,6824.66015625
2026-04-10,74.96182250976562,2597.1611328125,173.0,96.56999969482422,891.6199951171875,78.35691833496094,6031.7998046875,5.870500087738037,73747.453125,6816.89013671875
2026-04-13,75.01911163330078,2535.865478515625,172.0500030517578,99.08000183105469,894.4400024414062,78.14996337890625,5870.0,5.97599983215332,78097.3046875,6886.240234375
2026-04-14,76.23155212402344,2560.482421875,175.60000610351562,91.27999877929688,894.8900146484375,77.60794067382812,5935.0,6.070499897003174,78997.2734375,6967.3798828125
2026-04-15,75.56327819824219,2511.1494140625,177.99000549316406,91.29000091552734,886.22998046875,78.278076171875,5900.0,6.072000026702881,77427.328125,7022.9501953125
2026-04-16,76.0501708984375,2444.910400390625,180.5,94.69000244140625,884.9500122070312,77.86417388916016,5839.0,6.066500186920166,84508.0859375,7041.27978515625
2026-04-17,75.88787078857422,2491.37646484375,183.0,83.8499984741211,886.1199951171875,78.3076400756836,5920.0,6.103499889373779,78147.3046875,7126.06005859375
2026-04-20,74.75180053710938,2461.71728515625,182.89999389648438,89.61000061035156,890.3200073242188,78.72154998779297,5835.0,6.035999774932861,77597.3203125,7109.14013671875
2026-04-21,72.57511138916016,2392.512451171875,176.11000061035156,92.12999725341797,881.219970703125,76.86882019042969,5725.0,6.001500129699707,77547.3203125,7064.009765625
2026-04-22,71.36266326904297,2351.97802734375,171.60000610351562,92.95999908447266,891.9400024414062,77.19403076171875,5725.0,6.119999885559082,77585.3203125,7137.89990234375
2026-04-23,71.55359649658203,2343.080322265625,170.5,95.8499984741211,889.72998046875,76.4844741821289,5800.0,6.075500011444092,76796.34375,7108.39990234375
2026-04-24,72.52738189697266,2352.966796875,173.3000030517578,94.4000015258789,894.469970703125,77.33200073242188,5959.89990234375,6.023499965667725,79299.2578125,7165.080078125
2026-04-27,71.79227447509766,2328.54736328125,170.7899932861328,96.37000274658203,896.1099853515625,75.97200775146484,5861.0,6.01800012588501,81197.1953125,7173.91015625
2026-04-28,70.87577819824219,2252.125244140625,168.25,99.93000030517578,893.5399780273438,75.17375946044922,5687.0,5.9145002365112305,79299.2578125,7138.7998046875
2026-04-29,70.64665222167969,2179.95458984375,167.0,106.87999725341797,891.1199951171875,74.30652618408203,5515.2001953125,5.878499984741211,82702.1484375,7135.9501953125
2026-04-30,71.94999694824219,2249.159423828125,168.67999267578125,105.06999969482422,904.469970703125,75.3314437866211,5450.0,5.926000118255615,82752.1484375,7209.009765625
2026-05-04,70.06999969482422,2175.01123046875,166.49000549316406,106.41999816894531,899.25,74.55290222167969,5390.0,5.795000076293945,81679.1875,7200.75
2026-05-05,68.55999755859375,2112.924560546875,165.85000610351562,102.2699966430664,911.719970703125,76.43519592285156,5299.89990234375,5.942999839782715,83637.109375,7259.22021484375
2026-05-06,70.44999694824219,2116.681396484375,167.67999267578125,95.08000183105469,904.8200073242188,78.36676788330078,5715.0,6.136499881744385,83781.109375,7365.1201171875
2026-05-07,69.19999694824219,2176.0,162.8000030517578,94.80999755859375,896.1199951171875,78.38648223876953,5880.0,6.127500057220459,81997.171875,7337.10986328125
2026-05-08,67.5,2230.0,161.10000610351562,95.41999816894531,890.469970703125,78.71170043945312,5750.0,6.249000072479248,82054.203125,7398.93017578125
2026-05-11,66.75,2115.0,159.0,98.06999969482422,892.1799926757812,79.05662536621094,5620.0,6.41349983215332,83515.171875,7412.83984375
2026-05-12,68.26000213623047,2055.10009765625,158.75999450683594,102.18000030517578,897.219970703125,78.8299560546875,5535.0,6.485000133514404,84800.140625,7400.9599609375
2026-05-13,67.48999786376953,2083.10009765625,155.83999633789062,101.0199966430664,912.9600219726562,79.10589599609375,5380.0,6.635499954223633,81338.21875,7444.25
2026-05-14,69.0999984741211,2125.0,163.49000549316406,101.16999816894531,886.6199951171875,77.85431671142578,5441.5,6.567500114440918,78197.28125,7501.240234375
2026-05-15,68.98999786376953,2060.0,163.6999969482422,105.41999816894531,894.2999877929688,76.09027099609375,5500.2001953125,6.251500129699707,76588.3203125,7408.5
2026-05-18,69.16999816894531,2106.0,165.0,108.66000366210938,897.72998046875,76.77027130126953,5650.0,6.271999835968018,74598.3671875,7403.0498046875
2026-05-19,68.25,2071.5,166.5,107.7699966430664,900.5,76.3957748413086,5445.0,6.164999961853027,73188.3984375,7353.60986328125
2026-05-20,70.0999984741211,2180.0,171.89999389648438,98.26000213623047,905.030029296875,77.31228637695312,5600.0,6.290500164031982,72898.3984375,7432.97021484375
2026-05-22,70.19999694824219,2116.0,169.0,96.5999984741211,898.3400268554688,76.6323013305664,5719.0,6.3420000076293945,71948.421875,7473.47021484375
2026-05-26,71.98999786376953,2122.0,172.99000549316406,93.88999938964844,896.7100219726562,77.71634674072266,5864.10009765625,6.361000061035156,72592.40625,7519.1201171875
2026-05-27,71.80999755859375,2130.89990234375,173.13999938964844,88.68000030517578,893.8300170898438,78.40618896484375,5831.0,6.304999828338623,75437.34375,7520.35986328125
2026-05-28,71.4000015258789,2180.0,172.5,88.9000015258789,894.030029296875,77.66706848144531,5875.0,6.395999908447266,75366.34375,7563.6298828125
2026-05-29,70.0,2099.0,167.66000366210938,87.36000061035156,890.969970703125,77.2925796508789,5700.0,6.359499931335449,76198.328125,7580.06005859375
2026-06-01,69.25,2146.0,166.58999633789062,92.16000366210938,889.5999755859375,76.74070739746094,5645.0,6.52400016784668,74448.3671875,7599.9599609375
2026-06-02,69.01000213623047,2160.0,166.8000030517578,93.76000213623047,891.9400024414062,77.93315887451172,5565.0,6.649499893188477,71928.421875,7609.77978515625
2026-06-03,68.0999984741211,2167.89990234375,163.99000549316406,96.0199966430664,889.7999877929688,76.94766235351562,5450.0,6.480999946594238,70998.4453125,7553.68017578125
2026-06-04,68.11000061035156,2160.0,165.5,93.04000091552734,894.9600219726562,76.24795532226562,5574.0,6.511000156402588,69653.46875,7584.31005859375
2026-06-05,68.69999694824219,2110.0,165.2100067138672,90.54000091552734,895.6300048828125,74.01087188720703,5511.0,6.263500213623047,69338.4765625,7383.740234375
2026-06-08,68.5,2110.0,167.0,91.30000305175781,914.260009765625,73.81377410888672,5580.0,6.329500198364258,66848.53125,7405.72998046875
2026-06-09,72.0999984741211,2105.0,175.89999389648438,88.19999694824219,922.9199829101562,73.6758041381836,5740.0,6.302499771118164,69063.484375,7386.64990234375
2026-06-10,71.69999694824219,2090.0,176.8000030517578,90.02999877929688,916.4299926757812,73.33088684082031,5854.0,6.249000072479248,67998.5078125,7266.990234375
2026-06-11,72.44000244140625,2180.10009765625,178.25,87.70999908447266,915.1799926757812,76.2183837890625,5970.0,6.258999824523926,72603.40625,7394.2998046875
2026-06-12,73.5999984741211,2248.0,182.0,84.87999725341797,906.02001953125,77.33200073242188,5950.0,6.430500030517578,75498.34375,7431.4599609375
2026-06-15,73.98999786376953,2274.89990234375,180.50999450683594,80.75,899.1099853515625,77.76000213623047,5970.0,6.482500076293945,74148.375,7554.2900390625
2026-06-16,74.0,2185.0,179.60000610351562,76.05000305175781,889.969970703125,77.9800033569336,6094.0,6.488999843597412,73897.3828125,7511.35009765625
2026-06-17,72.70999908447266,2110.0,179.0,76.79000091552734,885.260009765625,77.30999755859375,6052.0,6.481500148773193,74048.375,7420.10009765625
2026-06-18,73.69999694824219,2160.60009765625,182.47000122070312,76.5999984741211,886.3499755859375,77.33000183105469,6099.0,6.374499797821045,71948.421875,7500.580078125
2026-06-22,74.93000030517578,2160.0,182.0,74.81999969482422,901.2100219726562,75.95999908447266,5899.0,6.356500148773193,71153.4375,7472.7900390625
2026-06-23,73.0,2159.0,178.10000610351562,73.20999908447266,905.9500122070312,74.7300033569336,5686.10009765625,6.140999794006348,70148.4609375,7365.4599609375
2026-06-24,72.01000213623047,2111.0,175.02000427246094,70.33999633789062,913.469970703125,73.79000091552734,5560.0,5.942999839782715,69498.4765625,7358.22021484375
2026-06-25,73.5,2123.0,177.61000061035156,71.91999816894531,918.219970703125,75.52999877929688,5890.0,6.070499897003174,67048.53125,7357.490234375
2026-06-26,75.0,2127.0,179.99000549316406,69.2300033569336,919.8300170898438,75.37000274658203,5889.89990234375,6.141499996185303,65948.5546875,7354.02001953125
2026-06-30,75.5,2130.0,180.5,69.5,921.760009765625,75.2699966430664,5756.0,6.192500114440918,68448.5,7499.35986328125
2026-07-01,75.0,2101.0,179.50999450683594,68.58000183105469,921.5700073242188,75.2699966430664,5775.0,6.123499870300293,68709.4921875,7483.22998046875
2026-07-02,74.87000274658203,2073.0,181.88999938964844,68.69000244140625,925.0599975585938,75.5,5798.0,6.114500045776367,67478.5234375,7483.240234375
2026-07-06,76.94000244140625,2095.0,182.5,68.55000305175781,920.8400268554688,76.43000030517578,5781.0,6.177999973297119,68258.5,7537.43017578125
2026-07-07,78.5,2081.0,187.5,70.44000244140625,927.5800170898438,75.04000091552734,6000.0,6.171500205993652,67937.5078125,7503.85009765625
2026-07-08,77.0999984741211,2079.0,185.4499969482422,73.5199966430664,926.489990234375,74.70999908447266,5880.0,6.054500102996826,69499.4765625,7482.7099609375
2026-07-09,77.5,2056.5,187.0,72.08000183105469,934.6599731445312,74.23999786376953,5851.0,6.215000152587891,69098.484375,7543.64013671875
2026-07-10,79.0,2045.0999755859375,188.8800048828125,71.41000366210938,926.9600219726562,74.86000061035156,5905.0,6.233500003814697,67748.515625,7575.39013671875
2026-07-13,78.19999694824219,2040.0,185.0,78.13999938964844,926.8699951171875,74.1500015258789,5905.0,6.232999801635742,67209.5234375,7515.33984375
2026-07-14,78.63999938964844,2040.0,189.5,79.33999633789062,930.5,75.33999633789062,5875.0,6.329999923706055,67898.5078125,7543.58984375
2026-07-15,78.16000366210938,2005.0,188.8800048828125,79.5999984741211,925.0499877929688,75.38999938964844,5853.0,6.293499946594238,66048.5546875,7572.39990234375
2026-07-17,77.0,1995.0,188.5,82.48999786376953,924.1300048828125,75.11000061035156,5835.0,6.21999979019165,65448.5625,7457.68994140625
2026-07-20,78.9000015258789,1995.0,189.9499969482422,83.2300033569336,933.97998046875,75.08999633789062,5835.0,6.298999786376953,65448.5625,7443.27978515625
2026-07-21,79.01000213623047,1995.0,190.00999450683594,84.91000366210938,933.780029296875,75.83999633789062,5835.0,6.511000156402588,65448.5625,7509.2001953125
2026-07-22,79.8499984741211,1995.0,193.5,86.83000183105469,934.1699829101562,76.70999908447266,5835.0,6.451000213623047,65448.5625,7498.9599609375
2026-07-23,80.0,1995.0,190.72000122070312,92.19000244140625,935.9400024414062,75.0,5835.0,6.304999828338623,65448.5625,7408.2998046875
2026-07-24,79.31999969482422,1995.0,193.10000610351562,89.30999755859375,941.8900146484375,75.44999694824219,5835.0,6.320000171661377,65448.5625,7411.97998046875
2026-07-27,80.7699966430664,1995.0,193.25999450683594,82.61000061035156,945.989990234375,76.54000091552734,5835.0,6.339000225067139,65448.5625,7413.18017578125
2026-07-28,79.12000274658203,1995.0,189.10000610351562,79.26000213623047,940.0399780273438,76.77999877929688,5835.0,6.322000026702881,65448.5625,7428.77978515625
2026-07-29,80.23999786376953,1995.0,191.0,84.45999908447266,934.3800048828125,75.56999969482422,5835.0,6.273499965667725,65448.5625,7316.14990234375
2026-07-30,80.69999694824219,1995.0,196.8000030517578,83.58999633789062,934.9099731445312,77.11000061035156,5835.0,6.444499969482422,65448.5625,7437.6298828125
2026-07-31,80.98999786376953,1995.0,193.7100067138672,84.66999816894531,925.0499877929688,76.80999755859375,5835.0,6.435999870300293,65448.5625,7489.72021484375
2026-08-03,80.44000244140625,1995.0,192.47999572753906,80.33999633789062,922.9500122070312,76.55000305175781,5835.0,6.513999938964844,65448.5625,7600.5
2026-08-04,79.4000015258789,1995.0,189.02000427246094,75.7699966430664,924.6599731445312,77.05999755859375,5835.0,6.618500232696533,65448.5625,7736.52001953125
2026-08-05,80.19999694824219,1995.0,190.22000122070312,75.22000122070312,914.4600219726562,76.69000244140625,5835.0,6.703000068664551,65448.5625,7723.5498046875
2026-08-06,81.05999755859375,1995.0,191.6999969482422,77.29000091552734,913.52001953125,76.62999725341797,5835.0,6.686999797821045,65448.5625,7709.9599609375
2026-08-07,80.16000366210938,1995.0,188.64999389648438,78.18000030517578,915.3800048828125,77.5199966430664,5835.0,6.570499897003174,65448.5625,7757.64013671875
2026-08-10,81.80000305175781,1995.0,189.75999450683594,82.12999725341797,912.5,76.93000030517578,5835.0,6.5945000648498535,65448.5625,7753.10986328125
2026-08-11,80.19999694824219,1995.0,186.85000610351562,83.19999694824219,914.989990234375,76.23999786376953,5835.0,6.611999988555908,65448.5625,7728.2001953125
2026-08-12,77.5,1995.0,183.0,83.2699966430664,913.52001953125,76.45999908447266,5835.0,6.5970001220703125,65448.5625,7748.5
2026-08-13,78.76000213623047,1995.0,186.0,81.25,914.0900268554688,75.44999694824219,5835.0,6.59250020980835,65448.5625,7798.990234375
2026-08-14,78.51000213623047,1995.0,185.80999755859375,82.4000015258789,914.0,75.01000213623047,5835.0,6.5995001792907715,65448.5625,7785.759765625
2026-08-17,79.48999786376953,1995.0,188.5,84.5,913.0999755859375,74.91000366210938,5835.0,6.604000091552734,65448.5625,7745.06005859375
2026-08-18,79.70999908447266,1995.0,191.60000610351562,84.94000244140625,914.7899780273438,74.45999908447266,5835.0,6.482500076293945,65448.5625,7691.759765625
2026-08-19,80.25,1995.0,192.6999969482422,85.83000183105469,922.9400024414062,75.13999938964844,5835.0,6.487500190734863,65448.5625,7707.97998046875
2026-08-20,79.5,1995.0,189.0,87.83000183105469,921.1599731445312,75.5,5835.0,6.460000038146973,65448.5625,7641.16015625
2026-08-21,79.5,1995.0,192.00999450683594,87.05999755859375,922.27001953125,77.37999725341797,5835.0,6.579500198364258,65448.5625,7674.3701171875
2026-08-24,82.29000091552734,1995.0,196.5,85.01000213623047,921.1300048828125,77.1500015258789,5835.0,6.598999977111816,65448.5625,7652.85986328125
2026-08-25,82.19999694824219,1995.0,194.00999450683594,82.36000061035156,912.1900024414062,77.8499984741211,5835.0,6.709499835968018,65448.5625,7677.27978515625
2026-08-26,81.0,1995.0,191.0500030517578,82.2300033569336,912.77001953125,77.55000305175781,5835.0,6.5945000648498535,65448.5625,7675.7001953125
2026-08-27,80.8499984741211,1995.0,193.0,83.52999877929688,919.219970703125,77.16000366210938,5835.0,6.586999893188477,65448.5625,7730.990234375
2026-08-28,82.0,1995.0,194.8000030517578,83.4000015258789,922.6699829101562,76.4800033569336,5835.0,6.561999797821045,65448.5625,7711.759765625
2026-08-31,80.51000213623047,1995.0,192.5,85.76000213623047,931.510009765625,76.72000122070312,5835.0,6.593500137329102,65448.5625,7686.14013671875
2026-09-01,81.95999908447266,1995.0,196.4600067138672,90.22000122070312,934.030029296875,75.66000366210938,5835.0,6.506499767303467,65448.5625,7631.47021484375
2026-09-02,83.87999725341797,1995.0,198.89999389648438,91.01000213623047,935.6400146484375,76.22000122070312,5835.0,6.500999927520752,65448.5625,7666.60009765625
2026-09-03,83.04000091552734,1995.0,198.50999450683594,91.30000305175781,937.5999755859375,76.97000122070312,5835.0,6.577000141143799,65448.5625,7747.7099609375
2026-09-04,83.69000244140625,1995.0,198.4499969482422,91.4800033569336,932.6400146484375,76.62999725341797,5835.0,6.5970001220703125,65448.5625,7718.60009765625
2026-09-08,82.58000183105469,1995.0,197.0,93.02999877929688,933.8900146484375,76.66999816894531,5835.0,6.738999843597412,65450.0,7673.52001953125
2026-09-09,81.8499984741211,1995.0,196.47999572753906,96.05000305175781,924.4299926757812,76.5,5835.0,6.803500175476074,65450.0,7636.35986328125
2026-09-10,82.55000305175781,1995.0,195.0500030517578,102.4800033569336,926.1900024414062,75.25,5835.0,6.4670000076293945,65450.0,7591.7001953125
2026-09-11,82.55000305175781,1995.0,196.3000030517578,100.05000305175781,940.3200073242188,75.37999725341797,5835.0,6.4695000648498535,65450.0,7656.97998046875
2026-09-14,83.5,2081.0,198.69000244140625,101.38999938964844,935.8300170898438,74.81999969482422,6361.0,6.329999923706055,65450.0,7619.97998046875
2026-09-15,83.19999694824219,2132.0,198.97999572753906,105.83000183105469,954.9500122070312,74.02999877929688,6560.0,6.368500232696533,65450.0,7585.72998046875
2026-09-16,82.16999816894531,2101.0,198.0,102.43000030517578,953.5800170898438,72.88999938964844,6488.89990234375,6.43149995803833,65450.0,7551.81005859375
2026-09-17,81.81999969482422,2090.0,197.89999389648438,101.91000366210938,954.0800170898438,74.29000091552734,6599.0,6.58650016784668,65450.0,7637.759765625
2026-09-21,81.81999969482422,2090.0,197.89999389648438,95.77999877929688,959.9199829101562,73.69999694824219,6599.0,6.686500072479248,65450.0,7764.7001953125
2026-09-22,81.81999969482422,2090.0,197.89999389648438,94.58999633789062,947.469970703125,74.45999908447266,6599.0,6.759500026702881,65450.0,7764.64013671875
2026-09-23,81.81999969482422,2090.0,197.89999389648438,92.16000366210938,946.75,73.41999816894531,6599.0,6.677999973297119,65450.0,7706.02978515625
2026-09-24,81.81999969482422,2090.0,197.89999389648438,94.61000061035156,962.8300170898438,72.51000213623047,6599.0,6.718500137329102,65450.0,7704.1298828125
2026-09-25,81.81999969482422,2090.0,197.89999389648438,92.41000366210938,962.5399780273438,73.33999633789062,6599.0,6.695499897003174,65450.0,7743.41015625
2026-09-28,81.81999969482422,2090.0,197.89999389648438,92.5999984741211,961.0499877929688,72.37000274658203,6599.0,6.565999984741211,65450.0,7683.68994140625
2026-09-29,81.81999969482422,2090.0,197.89999389648438,89.37999725341797,967.25,72.05000305175781,6599.0,6.543499946594238,65450.0,7670.83984375
2026-09-30,81.81999969482422,2090.0,197.89999389648438,90.41999816894531,973.0,71.08999633789062,6599.0,6.559000015258789,65450.0,7651.5400390625
2026-10-01,79.83999633789062,1890.0,191.0,93.0,984.0,69.7699966430664,6370.0,6.578999996185303,63000.0,7666.4501953125
